url,n_gram
https://www.siamsport.co.th/football/thai-fa-cup/view/271450,0
https://www.siamsport.co.th/football/thaileague3/view/273226,0
https://www.siamsport.co.th/football/premierleague/view/274312,0
https://www.siamsport.co.th/football/ligue1/view/273792,0
https://www.siamsport.co.th/football/calcio/view/273930,0
https://www.siamsport.co.th/football/thaileague4/view/191516,0
https://www.siamsport.co.th/football/premierleague/view/274346,16
https://www.goal.com/th/ข่าว/เสือปืนไว-เลวานดอฟสกี้/blt6ba937c04466fb88,0
https://www.siamsport.co.th/football/kingpowercup/view/173986,0
https://www.siamsport.co.th/football/thai-fa-cup/view/271536,0
https://www.siamsport.co.th/football/thai-fa-cup/view/271700,0
https://www.siamsport.co.th/football/afc-championsleague/view/273248,0
https://www.goal.com/th/ข่าว/ไม่ยอมคอลเอาท์-ยูเครนเตรียมลบสถิติติดทีมชาติติโมชุค/blt00d76592b9b4e5c7,0
https://www.goal.com/th/ข่าว/ชาบีพูดถึงข่าวคว้าฮาลันด์-ผมไม่เคยเห็นใครปฏิเสธบาร์ซา/blt65f27e35e85ba0d3,0
https://www.siamsport.co.th/football/laliga/view/274354,0
https://www.siamsport.co.th/football/thaileague4/view/196244,0
https://www.siamsport.co.th/football/coupe-de-la-ligue/view/170987,0
https://www.siamsport.co.th/football/ligue1/view/273644,0
https://www.siamsport.co.th/football/fa-cup/view/273516,18
https://www.siamsport.co.th/football/thaipremierleague/view/274302,0
https://www.siamsport.co.th/football/thailandnational/view/273570,0
https://www.siamsport.co.th/football/thaileague4/view/182947,0
https://www.siamsport.co.th/football/thaipremierleague/view/274300,0
﻿https://www.skysports.com/football/news/11095/12558812/kylian-mbappe-mohamed-salah-erling-haaland-vying-to-usurp-lionel-messi-and-cristiano-ronaldo-as-worlds-best,0
https://www.siamsport.co.th/football/euro2020/view/244166,0
https://www.siamsport.co.th/football/thaiotherleague/view/273960,0
https://www.siamsport.co.th/football/conference-league/view/263929,0
https://www.siamsport.co.th/football/national/view/274288,0
https://www.siamsport.co.th/football/premierleague/view/274344,0
https://www.siamsport.co.th/football/laliga/view/274264,0
https://www.siamsport.co.th/football/thaiotherleague/view/273876,0
https://www.siamsport.co.th/football/laliga/view/273932,0
https://www.siamsport.co.th/football/kingpowercup/view/174120,0
https://www.siamsport.co.th/football/thai-fa-cup/view/271472,0
https://www.goal.com/th/ข่าว/แกรี-เนวิลล์-โรนัลโด้/blt379759d0eacea26a,0
https://www.siamsport.co.th/football/laliga/view/273790,0
https://www.siamsport.co.th/football/championship/view/258527,0
https://www.goal.com/th/ข่าว/โค้ชชั้นยอด-เคนเปิดใจได้ร่วมงานกับคอนเต้/blt0e1e1c92a500aa50,0
https://www.goal.com/th/ข่าว/เรอัล-มาดริด-เปแอสเช-ข่าวล่าสุด-เวลาแข่ง-ช่องถ่ายทอดสด/bltbc2e86ec4d19b9cf,0
https://www.goal.com/th/ข่าว/ตามเชียร์ตลอดไป-โค้ชโจ-ขอบคุณโคราช/blt6c7a002ab464fe1d,0
https://www.siamsport.co.th/football/otherleague/view/273498,0
https://www.siamsport.co.th/football/conference-league/view/262490,0
https://www.siamsport.co.th/football/thaipremierleague/view/274338,0
https://www.siamsport.co.th/football/coupe-de-la-ligue/view/123383,0
https://www.siamsport.co.th/football/conference-league/view/262132,0
https://www.siamsport.co.th/football/otherleague/view/273295,0
https://www.siamsport.co.th/football/laliga/view/273956,0
https://www.siamsport.co.th/football/thaileague4/view/235323,0
https://www.siamsport.co.th/football/coupe-de-france/view/237494,0
https://www.siamsport.co.th/football/calcio/view/273916,0
https://www.goal.com/th/ข่าว/บาร์ซารอรับ-ทูเคิลเตรียมใจส่อแววเสียคริสเตนเซน/blt2fae2b682791efe2,0
https://www.siamsport.co.th/football/ligue1/view/273503,0
https://www.siamsport.co.th/football/national/view/274262,0
https://www.siamsport.co.th/football/laliga/view/274100,0
https://www.siamsport.co.th/football/coupe-de-la-ligue/view/170995,0
https://www.siamsport.co.th/football/coupe-de-la-ligue/view/198317,0
https://www.siamsport.co.th/football/ligue1/view/273972,0
https://www.siamsport.co.th/football/thaipremierleague/view/274184,0
https://www.siamsport.co.th/football/thai-league-cup/view/270472,0
https://www.siamsport.co.th/football/laliga/view/273728,0
https://www.siamsport.co.th/football/thai-fa-cup/view/271482,0
https://www.siamsport.co.th/football/championship/view/270682,0
https://www.siamsport.co.th/football/euro2020/view/244114,0
https://www.siamsport.co.th/football/laliga/view/273798,0
https://www.siamsport.co.th/football/thai-fa-cup/view/272514,0
https://www.goal.com/th/ข่าว/ไม่ใช่ยอมแพ้-เดอ-บรอยน์-ชี้สาเหตุที่แท้จริงแมนฯ-ยูฯ/blt9876bc922f51cba4,0
https://www.siamsport.co.th/football/ligue1/view/273290,0
https://www.siamsport.co.th/football/fa-cup/view/273420,33
https://www.goal.com/th/ข่าว/โดนยิงเกือบทุกครั้ง-แรมส์เดลเลือกกองหน้าที่ไม่อยากเจอที่สุด/blt0bc8151a6f0b183a,0
https://www.siamsport.co.th/football/championship/view/265654,0
https://www.siamsport.co.th/football/thaileague4/view/180271,0
https://www.siamsport.co.th/football/thaiotherleague/view/274274,0
https://www.siamsport.co.th/football/coupe-de-france/view/197424,0
https://www.goal.com/th/ข่าว/นอริช-เชลซี-ข่าวล่าสุด-เวลาแข่ง-ช่องถ่ายทอดสด/blt06f522b9d3d0583d,0
https://www.siamsport.co.th/football/euro2020/view/244432,0
https://www.siamsport.co.th/football/calcio/view/273770,0
https://www.siamsport.co.th/football/thai-fa-cup/view/271702,0
https://www.siamsport.co.th/football/fa-cup/view/273412,0
https://www.siamsport.co.th/football/fa-cup/view/273580,18
https://www.siamsport.co.th/football/premierleague/view/274360,6
https://www.siamsport.co.th/football/calcio/view/273056,0
https://www.siamsport.co.th/football/calcio/view/273796,0
https://www.siamsport.co.th/football/otherleague/view/273393,0
https://www.goal.com/th/ข่าว/แม้เข้ารอบ-คล็อปป์-ไม่ปลื้มลิเวอร์พูลแพ้อินเตอร์คารัง/blt1fadf44de021df3f,6
https://www.siamsport.co.th/football/ligue1/view/273428,0
https://www.siamsport.co.th/football/fa-cup/view/273416,21
https://www.siamsport.co.th/football/kingpowercup/view/173684,0
https://www.goal.com/th/ข่าว/ดาวยิงบอร์กโดซ์เลิกรากับฮโยมินวง-t-ara-แล้ว/blt64b65a842c82e1d9,0
https://www.goal.com/th/ข่าว/โปรแกรมถ่ายทอดสดฟุตบอล-พรีเมียร์ลีก-ไทยลีก-ลาลีกา-บุนเดสลีกา/1avl5byctg48z1tjl9y0cu9ro2,4
https://www.siamsport.co.th/football/thaiotherleague/view/273582,0
https://www.siamsport.co.th/football/fa-cup/view/273415,0
https://www.siamsport.co.th/football/coupe-de-la-ligue/view/198515,0
https://www.siamsport.co.th/football/thaiotherleague/view/274044,0
https://www.siamsport.co.th/football/euro2020/view/243946,0
https://www.siamsport.co.th/football/thai-league-cup/view/270494,0
https://www.siamsport.co.th/football/kingpowercup/view/173834,0
https://www.siamsport.co.th/football/otherleague/view/273270,0
https://www.siamsport.co.th/football/thai-league-cup/view/266670,0
https://www.goal.com/th/ข่าว/varปฏิเสธประตู-จุดโทษ-ท่าเรือเจาะไม่เข้าเจ๊าเชียงราย-0-0/blte55a3a2090380195,0
https://www.siamsport.co.th/football/thaipremierleague/view/274304,0
https://www.siamsport.co.th/football/thailandnational/view/274140,0
https://www.siamsport.co.th/football/dfb-pokal/view/256286,0
https://www.siamsport.co.th/football/otherleague/view/273368,2
https://www.siamsport.co.th/football/kingpower/view/271516,0
https://www.siamsport.co.th/football/coupe-de-france/view/174162,0
https://www.siamsport.co.th/football/afc-championsleague/view/273996,0
https://www.siamsport.co.th/football/afc-championsleague/view/273984,0
https://www.siamsport.co.th/football/laliga/view/273906,0
https://www.siamsport.co.th/football/euro2020/view/244032,0
https://www.siamsport.co.th/football/championship/view/271976,0
https://www.siamsport.co.th/football/coupe-de-france/view/174312,0
https://www.siamsport.co.th/football/fa-cup/view/273524,0
https://www.siamsport.co.th/football/thaileague4/view/191990,0
https://www.siamsport.co.th/football/kingpower/view/274352,0
https://www.siamsport.co.th/football/championship/view/269896,0
https://www.siamsport.co.th/football/afc-championsleague/view/273572,0
https://www.skysports.com/football/news/15205/12560520/marcus-rashfords-confidence-is-shot-but-man-utd-cannot-seriously-consider-sale-says-paul-merson,0
https://www.siamsport.co.th/football/thaiotherleague/view/274128,0
https://www.goal.com/th/ข่าว/ตัดสินด่วน-ศาลกีฬาโลกรับคําร้องรัสเซียยกเลิกโทษแบนฟีฟ่า/blt78a8246d91ac3569,0
https://www.siamsport.co.th/football/thailandnational/view/273590,0
https://www.siamsport.co.th/football/kingpower/view/272458,1
https://www.skysports.com/football/news/11095/12560999/chelsea-sale-todd-boehly-and-hansjorg-wyss-make-bid-with-josh-harris-considering-offer,0
https://www.siamsport.co.th/football/national/view/273532,0
﻿https://www.siamsport.co.th/football/premierleague/view/274360,0
https://www.goal.com/th/ข่าว/ลเวอรพล-ถายชองไหน/10mc4vbseu9tw1csvw0g71xw9p,25
https://www.goal.com/th/ข่าว/ศุภชัยขึ้นดาวซัลโว-บุรีรัมย์ดับชลบุรี-2-1-ไล่-โค้ชเตี้ย/blt2976dbed7b04a24f,0
https://www.siamsport.co.th/football/premierleague/view/274328,0
https://www.goal.com/th/ข่าว/2,0
https://www.siamsport.co.th/football/thaileague3/view/267492,0
https://www.siamsport.co.th/football/coupe-de-france/view/172365,0
https://www.siamsport.co.th/football/euro2020/view/244688,0
https://www.siamsport.co.th/football/dfb-pokal/view/255666,0
https://www.siamsport.co.th/football/thai-league-cup/view/270464,0
https://www.siamsport.co.th/football/kingpowercup/view/174262,0
https://www.siamsport.co.th/football/otherleague/view/273434,0
https://www.siamsport.co.th/football/ligue1/view/273396,0
https://www.siamsport.co.th/football/laliga/view/273632,0
https://www.skysports.com/football/news/11668/12561476/thomas-tuchel-urges-andreas-christensen-to-become-huge-player-at-chelsea,0
https://www.goal.com/th/ข่าว/ท้าทายจเด็จ-สถิติชี้ชัด-เชียงราย-เล่นเกมเยือนโหดสุดปีนี้/blt7b9c2538317b2f3f,0
https://www.siamsport.co.th/football/afc-championsleague/view/273234,0
https://www.siamsport.co.th/football/coupe-de-la-ligue/view/109762,0
https://www.goal.com/th/ข่าว/จ่อแชมป์ไทยลีก-อิชิอิ-สั่งบุรีรัมย์โฟกัสแดกู/blt48ce6da7595422c9,0
https://www.siamsport.co.th/football/thaiotherleague/view/273834,0
https://www.siamsport.co.th/football/thaileague4/view/176819,0
https://www.siamsport.co.th/football/thai-fa-cup/view/271576,0
https://www.siamsport.co.th/football/otherleague/view/273806,0
https://www.siamsport.co.th/football/thai-league-cup/view/267438,0
https://www.siamsport.co.th/football/thaileague3/view/269004,0
https://www.siamsport.co.th/football/dfb-pokal/view/248788,0
https://www.goal.com/th/ข่าว/ประเดิมแชมเปี้ยนส์ลีก-อุทัยธานีขยี้พัทยาโค้ชโต่ย-4-1/blt9e88990238b65afa,0
https://www.siamsport.co.th/football/thaiotherleague/view/273564,0
https://www.siamsport.co.th/football/ligue1/view/273508,0
https://www.siamsport.co.th/football/ligue1/view/274070,0
https://www.siamsport.co.th/football/national/view/274232,0
https://www.siamsport.co.th/football/kingpowercup/view/177379,0
https://www.siamsport.co.th/football/coupe-de-france/view/177311,0
https://www.siamsport.co.th/football/national/view/274166,0
https://www.siamsport.co.th/football/europa-league/view/272614,0
https://www.siamsport.co.th/football/calcio/view/273148,0
https://www.siamsport.co.th/football/thailandnational/view/274290,0
https://www.siamsport.co.th/football/fa-cup/view/273411,0
https://www.siamsport.co.th/football/afc-championsleague/view/274298,0
https://www.siamsport.co.th/football/thai-league-cup/view/270366,0
https://www.siamsport.co.th/football/kingpowercup/view/197290,0
https://www.siamsport.co.th/football/national/view/273552,2
https://www.siamsport.co.th/football/kingpower/view/272600,0
https://www.siamsport.co.th/football/national/view/274160,0
https://www.siamsport.co.th/football/thaipremierleague/view/274306,0
https://www.siamsport.co.th/football/national/view/274292,0
https://www.siamsport.co.th/football/league-cup/view/273150,38
https://www.siamsport.co.th/football/kingpower/view/271650,0
https://www.siamsport.co.th/football/afc-cup/view/6357,0
https://www.siamsport.co.th/football/thailandnational/view/273812,0
https://www.goal.com/th/ข่าว/โปรแกรมถายทอดสดพรเมยรลกวนนทาง-true-visions/dbg4bzvd2ez410vtbzwofkgwq,2
https://www.siamsport.co.th/football/national/view/273548,0
https://www.siamsport.co.th/football/euro2020/view/244543,0
https://www.siamsport.co.th/football/dfb-pokal/view/266890,0
https://www.siamsport.co.th/football/championship/view/262940,0
https://www.siamsport.co.th/football/afc-championsleague/view/272546,0
https://www.siamsport.co.th/football/championship/view/269734,0
https://www.siamsport.co.th/football/afc-championsleague/view/273237,0
https://www.goal.com/th/ข่าว/คอนเต้รับสเปอร์สเหมือนได้แชมป์หากจบท็อปโฟร์ได้/bltd2fb4314471b88d8,0
https://www.siamsport.co.th/football/coupe-de-la-ligue/view/199635,0
https://www.goal.com/th/ข่าว/live-ฟตบอลไทย-2021/1nbq119dy32ds1fxki009reex6,0
https://www.goal.com/th/ข่าว/โยชิดะกุมขมับ-บีจี-ขนสํารองยิง-ปราการ-3-0/blt0ee1001af178a6bb,0
https://www.siamsport.co.th/football/thailandnational/view/274130,0
https://www.goal.com/th/ข่าว/พร้อมใช้งาน-ฟาบินโญกดไลค์-ดิอาซ/blte6a7e2bf8553e336,4
https://www.siamsport.co.th/football/thaileague3/view/268564,0
https://www.siamsport.co.th/football/thaileague4/view/183416,0
https://www.goal.com/th/ข่าว/1,16
https://www.siamsport.co.th/football/league-cup/view/273048,16
https://www.siamsport.co.th/football/thaileague4/view/199643,0
https://www.siamsport.co.th/football/calcio/view/273132,0
https://www.siamsport.co.th/football/thai-league-cup/view/270470,0
https://www.siamsport.co.th/football/thaileague4/view/225299,0
https://www.siamsport.co.th/football/coupe-de-la-ligue/view/169071,0
https://www.siamsport.co.th/football/otherleague/view/273878,0
https://www.goal.com/th/ข่าว/เวนเกอร์ชี้ฟาบินโญ-โกง-จังหวะใบแดงอเล็กซิส/blt3caf991a369200b4,2
https://www.siamsport.co.th/football/afc-cup/view/227715,0
https://www.siamsport.co.th/football/league-cup/view/273084,35
https://www.siamsport.co.th/football/thaiotherleague/view/273992,0
https://www.siamsport.co.th/football/otherleague/view/273222,0
https://www.siamsport.co.th/football/afc-championsleague/view/272650,0
https://www.siamsport.co.th/football/thaileague3/view/274000,0
https://www.siamsport.co.th/football/kingpowercup/view/174544,0
https://www.siamsport.co.th/football/thaileague3/view/268912,0
https://www.goal.com/th/ลิสต์/จาก-1-ถึง-176-เพื่อนร่วมทีม-แฮร์รี-เคน-ยิงลูกแรกพรีเมียร์ลีก/bltc06a756710aea1a0,0
https://www.siamsport.co.th/football/coupe-de-france/view/170665,0
https://www.siamsport.co.th/football/thaileague3/view/267568,0
https://www.siamsport.co.th/football/premierleague/view/274348,0
https://www.siamsport.co.th/football/coupe-de-france/view/197282,0
https://www.goal.com/th/ข่าว/เจ็บอีกแล้ว-เลสเตอร์คอนเฟิร์ม-วาร์ดี้-พักร่วมเดือน/blt47897dac052f444f,0
https://www.goal.com/th/ข่าว/ลิเวอร์พูล-อินเตอร์-มิลาน-ข่าวล่าสุด-เวลาแข่ง-ช่องถ่ายทอดสด/bltc3edd2d8ec86f8dc,13
https://www.siamsport.co.th/football/thaipremierleague/view/274188,0
https://www.siamsport.co.th/football/fa-cup/view/273423,18
https://www.siamsport.co.th/football/champions-league/view/274358,0
https://www.siamsport.co.th/football/thai-league-cup/view/266682,0
https://www.siamsport.co.th/football/thaileague3/view/273204,0
https://www.goal.com/th/ข่าว/จังหวะเตะบอล-อองรีจวกกรรมการไม่ควรแจกใบแดงอเล็กซิส/bltfc2d1d4fba5eb97d,5
https://www.siamsport.co.th/football/fa-cup/view/273418,18
https://www.siamsport.co.th/football/thai-fa-cup/view/271438,0
https://www.siamsport.co.th/football/calcio/view/273662,0
https://www.goal.com/th/ข่าว/แมนเชสเตอร-ยไนเตด-ถายชองไหน/1311ibm2o5bu317qxf39lln0pp,1
https://www.siamsport.co.th/football/championship/view/258970,0
https://www.siamsport.co.th/football/coupe-de-france/view/177153,0
https://www.siamsport.co.th/football/thailandnational/view/274136,0
https://www.siamsport.co.th/football/ligue1/view/274108,0
https://www.siamsport.co.th/football/calcio/view/273394,0
https://www.siamsport.co.th/football/thaipremierleague/view/274208,0
https://www.siamsport.co.th/football/thailandnational/view/274330,0
https://www.siamsport.co.th/football/euro2020/view/243938,0
https://www.siamsport.co.th/football/premierleague/view/274356,0
https://www.siamsport.co.th/football/dfb-pokal/view/267390,0
https://www.goal.com/th/ลิสต์/ปีเดียว-13-แบบ-รวมชุดแข่งนาโปลีฤดูกาล-2021-2022/blt594b3fa24e1ee0f6,0
https://www.siamsport.co.th/football/conference-league/view/260289,0
https://www.siamsport.co.th/football/coupe-de-la-ligue/view/109714,0
https://www.siamsport.co.th/football/league-cup/view/273066,0
https://www.siamsport.co.th/football/thailandnational/view/273676,0
https://www.siamsport.co.th/football/euro2020/view/244323,0
https://www.siamsport.co.th/football/league-cup/view/273452,0
https://www.siamsport.co.th/football/premierleague/view/274322,17
https://www.goal.com/th/ข่าว/เลวานแฮตทริกใน-10-นาที-บาเยิร์น-มิวนิคเปิดรังขย้ําเรดบูลส์/blt2ab58bd6d9b572ee,0
https://www.goal.com/th/ข่าว/goalpedia-ทําไมเรอัล-มาดริด-ถึงใส่ชุดขาวล้วน/blt7f709bf76cb4c053,0
https://www.siamsport.co.th/football/thai-fa-cup/view/271456,0
https://www.siamsport.co.th/football/thai-league-cup/view/271266,0
https://www.siamsport.co.th/football/thaiotherleague/view/273814,0
https://www.siamsport.co.th/football/league-cup/view/273058,15
https://www.siamsport.co.th/football/thaipremierleague/view/274186,0
https://www.siamsport.co.th/football/coupe-de-la-ligue/view/171149,0
https://www.siamsport.co.th/football/championship/view/273958,0
https://www.goal.com/th/ข่าว/official-มีผลทันที-พรีเมียร์ลีกระงับออกอากาศที่รัสเซีย/blt86df5183164d20fa,0
https://www.siamsport.co.th/football/coupe-de-france/view/229821,0
https://www.siamsport.co.th/football/calcio/view/273650,6
https://www.siamsport.co.th/football/kingpowercup/view/174406,0
https://www.siamsport.co.th/football/league-cup/view/273252,4
https://www.siamsport.co.th/football/thaileague3/view/272572,0
https://www.siamsport.co.th/football/euro2020/view/244308,0
https://www.siamsport.co.th/football/otherleague/view/273426,0
https://www.siamsport.co.th/football/conference-league/view/262283,0
https://www.siamsport.co.th/football/conference-league/view/263737,0
https://www.siamsport.co.th/football/thaipremierleague/view/274260,0
https://www.siamsport.co.th/football/premierleague/view/274350,0
https://www.siamsport.co.th/football/national/view/273510,0
https://www.goal.com/th/ข่าว/คล็อปป์ตอบเรื่องใบแดงอเล็กซิส/blt738219576282e3ac,3
https://www.siamsport.co.th/football/championship/view/258898,20
https://www.siamsport.co.th/football/afc-championsleague/view/273110,0
https://www.siamsport.co.th/football/league-cup/view/273386,0
https://www.siamsport.co.th/football/thailandnational/view/273692,0
https://www.siamsport.co.th/football/league-cup/view/273052,12
﻿https://www.goal.com/th/ข่าว/1,0
https://www.siamsport.co.th/football/thai-league-cup/view/266770,0
https://www.siamsport.co.th/football/kingpowercup/view/174684,0
https://www.siamsport.co.th/football/league-cup/view/273194,22
https://www.siamsport.co.th/football/thaileague3/view/273210,0
https://www.siamsport.co.th/football/dfb-pokal/view/256124,0
https://www.skysports.com/football/news/11661/12560304/premier-league-match-previews-team-news-stats-predictions-kick-off-time-and-how-to-follow,0
https://www.siamsport.co.th/football/dfb-pokal/view/256246,0
https://www.skysports.com/football/story-telling/11095/12560647/man-utd-is-roy-keane-right-to-say-club-needs-clear-out,0
https://www.skysports.com/football/news/11095/12002801/live-football-on-sky-sports-games-dates-kick-off-times,0
https://www.siamsport.co.th/football/dfb-pokal/view/272138,0
https://www.siamsport.co.th/football/dfb-pokal/view/267720,0
https://www.skysports.com/football/news/29326/12560525/kylian-mbappe-heir-apparent-to-cristiano-ronaldo-and-lionel-messi-as-worlds-best-player-says-gary-neville,0
https://www.skysports.com/football/news/12020/12561796/stephen-kenny-extends-republic-of-ireland-contract-until-2024,0
https://www.siamsport.co.th/football/europa-league/view/272700,0
https://www.siamsport.co.th/football/copa-del-rey/view/231949,0
https://www.skysports.com/football/news/11095/12561728/anton-ferdinand-racism-consequences-worse-for-victims-than-perpetrators,0
https://www.skysports.com/football/news/11945/12559906/champions-league-man-city-host-sporting-lisbon-after-first-leg-thrashing-psg-take-1-0-lead-to-real-madrid,0
https://www.siamsport.co.th/football/atletico/view/267706,0
https://www.skysports.com/football/news/11095/12558812/kylian-mbappe-mohamed-salah-erling-haaland-vying-to-usurp-lionel-messi-and-cristiano-ronaldo-as-worlds-best,0
https://www.siamsport.co.th/football/copa-del-rey/view/267838,0
https://www.siamsport.co.th/football/copa-del-rey/view/233676,0
https://www.skysports.com/football/news/11095/12561275/newcastle-enter-antonio-rudiger-race-while-manchester-city-lead-erling-haaland-pursuit-paper-talk,0
https://www.skysports.com/football/news/11095/12549204/championship-ben-brereton-diaz-fabio-carvalho-among-players-out-of-contract-this-summer,0
https://www.siamsport.co.th/football/dfb-pokal/view/256398,0
https://www.siamsport.co.th/football/kingpower/view/272610,1
https://www.skysports.com/football/news/topic/9959/football-gossip,0
https://www.siamsport.co.th/football/copa-del-rey/view/233539,0
https://www.siamsport.co.th/football/europa-league/view/272456,0
https://www.skysports.com/football/news/topic/7964/tackling-racism,0
https://www.skysports.com/football/news/11095/12560707/champions-league-europa-league-ecl-quarter-finals-when-is-the-draw,0
https://www.skysports.com/football/news/12040/12561289/jurgen-klopp-says-alexis-sanchez-was-lucky-to-still-be-on-pitch-by-time-he-was-sent-off-for-fouling-fabinho,0
https://www.siamsport.co.th/football/copa-del-rey/view/267144,0
https://www.siamsport.co.th/football/copa-del-rey/view/233688,0
https://www.siamsport.co.th/football/copa-del-rey/view/233672,0
https://www.siamsport.co.th/football/europa-league/view/271660,0
https://www.siamsport.co.th/football/europa-league/view/272616,0
https://www.skysports.com/football/news/30778/12559944/efl-highlights-and-round-up-fulham-sheff-utd-win-bournemouth-held,0
https://www.skysports.com/football/news/11788/12561474/ondrej-kudela-slavia-prague-defender-will-not-be-prosecuted-over-allegations-of-racially-abusing-glen-kamara,0
https://www.siamsport.co.th/football/copa-del-rey/view/267666,0
https://www.skysports.com/football/news/12098/12561040/scotlands-world-cup-play-off-semi-final-against-ukraine-postponed-wales-austria-date-remains-the-same,0
https://www.skysports.com/football/news/12098/12465444/2022-world-cup-playoffs-all-you-need-to-know,0
https://www.skysports.com/football/news/11661/12560426/harry-kane-tottenham-striker-leapfrogs-liverpool-duo-to-top-premier-league-power-rankings-chart,0
https://www.skysports.com/football/news/11789/12560821/scott-brown-leaves-aberdeen-to-pursue-coaching-career-after-eight-months-at-pittodrie,0
https://www.skysports.com/football/news/20876/12559854/manchester-uniteds-drop-off-in-running-stats-in-the-derby-defeat-at-manchester-city,0
https://www.siamsport.co.th/football/europa-league/view/273142,0
https://www.siamsport.co.th/football/europa-league/view/271662,0
https://www.siamsport.co.th/football/europa-league/view/272716,0
https://www.siamsport.co.th/football/copa-del-rey/view/267996,0
https://www.skysports.com/football/news/11688/12105601/championship-football-live-how-to-watch-midweek-matches-live-on-sky-sports,0
https://www.skysports.com/football/news/11095/12553239/jamie-carragher-criticises-chelsea-and-roman-abramovich-statement-really-poor-and-embarrassing,0
https://www.skysports.com/football/news/11095/12559631/gary-neville-concerned-over-future-manchester-united-personnel-ralf-rangnick-not-to-blame-for-derby-loss,0
https://www.skysports.com/football/news/11095/12388623/subscribe-to-the-sky-sports-efl-podcast,0
https://www.skysports.com/football/news/topic/9755/power-rankings,0
https://www.siamsport.co.th/football/europa-league/view/271658,0
https://www.skysports.com/football/news/11668/12560040/roman-abramovich-selling-chelsea-what-is-the-latest-what-potential-problems-are-holding-a-deal-up,0
https://www.skysports.com/football/news/11661/12057055/premier-league-live-on-sky-sports-six-games-to-be-shown-on-opening-weekend-of-2020-21-season,0
https://www.skysports.com/football/news/11095/12425050/liverpool-must-tie-best-in-europe-mohamed-salah-to-new-contract-or-risk-losing-him-says-jamie-carragher,0
https://www.skysports.com/football/news/11095/12554047/chelsea-would-have-won-carabao-cup-if-kepa-arrizabalaga-had-not-replaced-edouard-mendy-for-shootout-says-paul-merson,0
https://www.skysports.com/football/news/12040/12553487/gary-neville-says-no-one-has-bought-chelseas-statement-on-roman-abramovichs-stewardship-of-club,0
https://www.skysports.com/football/news/11667/12549730/manchester-united-boss-ralf-rangnick-says-role-model-anthony-elanga-sets-example-others-must-follow,0
https://www.skysports.com/football/news/11095/11779522/premier-league-goals-and-highlights-how-to-watch-with-sky-sports,0
https://www.skysports.com/football/news/29326/12559068/gary-neville-man-utd-response-at-man-city-was-embarrassing-they-threw-the-towel-in,0
https://www.skysports.com/football/news/11945/12551034/champions-league-final-moved-to-paris-from-st-petersburg-after-russian-invasion-of-ukraine,0
https://www.skysports.com/football/news/11095/12559906/champions-league-liverpool-host-inter-milan-in-second-leg-of-last-16-tie-after-win-in-italy,0
https://www.skysports.com/football/news/11668/12558320/chelsea-fans-chant-roman-abramovichs-name-during-ukraine-tribute-against-burnley,0
https://www.skysports.com/football/news/11095/12152949/anton-ferdinand-i-was-scared-to-speak-out-about-john-terry-case,0
https://www.skysports.com/football/news/11668/12556306/roman-abramovich-chelsea-owner-decides-to-sell-club-while-there-is-no-substance-to-jim-ratcliffe-reports,0
https://www.skysports.com/football/news/30778/12548604/champions-league-final-uefa-under-pressure-to-move-game-from-saint-petersburg-due-to-russia-ukraine-tension,0
https://www.skysports.com/football/news/11668/12547978/romelu-lukaku-thomas-tuchel-says-not-time-to-laugh-after-chelsea-strikers-seven-touches-against-crystal-palace,0
https://www.skysports.com/football/news/12016/12402045/anton-ferdinand-are-social-media-companies-waiting-for-a-footballers-suicide-to-act-on-online-abuse,0
https://www.skysports.com/football/news/11945/12548196/david-de-gea-on-his-future-i-dont-see-myself-away-from-manchester-united,0
https://www.skysports.com/football/news/11677/12561606/gerrard-no-decision-made-on-coutinhos-future,0
https://www.skysports.com/football/story-telling/11096/12560647/man-utd-is-roy-keane-right-to-say-club-needs-clear-out,0
https://www.skysports.com/football/news/11095/12549161/chelsea-suffer-double-injury-blow-as-mateo-kovacic-and-hakim-ziyech-both-hobble-off-in-champions-league-win,0
https://www.skysports.com/football/news/11095/12549879/benfica-2-2-ajax-sebastien-haller-nets-for-both-teams-as-benfica-come-from-behind-twice,0
https://www.skysports.com/football/news/11095/12543884/jurgen-klopp-says-liverpools-champions-league-tie-is-only-at-half-time-and-reveals-diogo-jota-injury-worry,0
https://www.skysports.com/football/news/11668/12561476/tuchel-christensen-can-be-huge-chelsea-player-not-good-news-on-james,0
https://www.skysports.com/football/news/11096/12559854/manchester-uniteds-drop-off-in-running-stats-in-the-derby-defeat-at-manchester-city,0
https://www.skysports.com/football/news/11945/12549803/anthony-elanga-rescues-man-utd-against-atletico-madrid-but-issues-remain-for-interim-boss-ralf-rangnick,0
https://www.skysports.com/football/news/11095/12558812/messi-or-ronaldo-mbappe-salah-haaland-whos-the-worlds-best,0
https://www.skysports.com/football/news/11095/12128376/sky-sports-scores-download-the-new-and-improved-app-to-get-scores-your-way,0
https://www.skysports.com/football/news/11661/11996823/premier-league-live-games-on-sky-sports,0
https://www.skysports.com/football/news/11065/11779522/premier-league-goals-and-highlights-how-to-watch-with-sky-sports,0
https://www.skysports.com/football/news/21564/12002801/live-football-on-sky-sports-games-dates-kick-off-times,0
https://www.skysports.com/football/news/11661/11779522/premier-league-goals-and-highlights-how-to-watch-with-sky-sports,0
https://www.skysports.com/football/news/11096/12560040/roman-abramovich-selling-chelsea-what-is-the-latest-what-potential-problems-are-holding-a-deal-up,0
https://www.skysports.com/football/news/11668/12559081/chelsea-for-sale-up-to-10-parties-interested-with-most-of-interest-set-to-come-from-usa,0
https://www.skysports.com/football/news/29326/12556246/gary-neville-reacts-to-shock-roman-abramovich-statement-on-his-intended-sale-of-chelsea,0
https://www.skysports.com/football/news/11095/12524875/jamie-carragher-gary-nevilles-transfer-special,0
https://www.skysports.com/football/news/29326/12541628/gary-neville-gives-his-reaction-to-manchester-uniteds-1-1-draw-at-home-to-southampton,0
https://www.skysports.com/football/news/11667/12559623/ralf-rangnick-responds-to-roy-keane-comments-over-cristiano-ronaldo,0
https://www.skysports.com/football/news/29326/12524163/gary-nevilles-manchester-united-verdict-marcus-rashfords-big-moment-ralf-rangnick-in-control,0
https://www.skysports.com/football/news/11667/12559364/manchester-city-4-1-man-utd-player-ratings-as-kevin-de-bruyne-produces-masterclass-but-aaron-wan-bissaka-struggles,0
https://www.skysports.com/football/news/11661/12516180/gary-neville-and-jamie-carragher-believe-premier-league-clubs-must-be-forced-to-play-fixtures-after-postponement-requests,0
https://www.skysports.com/football/news/11095/12499996/gary-neville-podcast-antonio-contes-tottenham-will-strike-fear-into-rivals-and-will-push-for-top-four,0
https://www.skysports.com/football/news/29326/12542534/gary-neville-has-no-doubts-that-newcastle-will-get-out-of-their-relegation-trouble-after-beating-aston-villa,0
https://www.skysports.com/football/news/29326/12488735/gary-neville-arsenals-young-players-need-help-pierre-emerick-aubameyang-problem-brewing,0
https://www.skysports.com/football/news/11095/12547095/manchester-uniteds-season-will-be-defined-over-the-next-month-says-gary-neville,0
https://www.skysports.com/football/news/29326/12504913/man-utd-gary-neville-slams-players-as-whingebags-after-dismal-display-at-newcastle,0
https://www.skysports.com/football/news/11095/12317563/ondrej-kudelas-appeal-against-10-match-ban-for-racially-abusing-glen-kamara-dismissed-by-uefa,0
https://www.skysports.com/football/news/11095/12276223/champions-league-europa-league-europa-conference-league-2021-22-dates,0
https://www.skysports.com/football/news/11661/12554570/hakim-ziyech-alisson-sadio-mane-and-three-more-liverpool-stars-top-premier-league-power-rankings-chart?inApp=true,0
https://www.skysports.com/football/news/23824/12555767/ukraine-invasion-andriy-shevchenko-tells-sky-sports-news-football-doesnt-exist-for-him-amid-russian-invasion,0
https://www.skysports.com/football/news/29326/12464059/gary-neville-hails-wonderful-joao-cancelo-after-pair-of-assists-in-manchester-citys-derby-win,0
https://www.skysports.com/football/news/29326/12472459/manchester-united-and-ole-gunnar-solskjaer-need-a-response-or-things-could-get-ugly-says-gary-neville,0
https://www.skysports.com/football/news/11685/12538213/declan-rice-racist-abuse-after-euro-2020-final-was-terrible-west-ham-midfielder-says,0
https://www.skysports.com/football/news/11095/12474503/manchester-united-gary-neville-reacts-to-ole-gunnar-solskjaer-sacking,0
https://www.skysports.com/football/news/13953/12549746/poland-will-refuse-to-play-world-cup-play-offs-with-russia-in-opposition-to-invasion-of-ukraine,0
https://www.skysports.com/football/news/11095/12488606/nev-on-rangnick,0
https://www.skysports.com/football/news/11788/12268765/glen-kamara-rangers-midfielder-receiving-online-racist-abuse-every-day,0
https://www.skysports.com/football/news/29326/12474676/gary-neville-development-of-vision-can-save-manchester-united-from-cultural-crisis,0
https://www.skysports.com/football/news/11095/12556686/ukraine-ask-for-scotland-world-cup-play-off-postponement-amid-invasion-by-russia,0
https://www.skysports.com/football/news/11788/12288720/ondrej-kudela-and-glen-kamara-scotlands-prosecution-service-considering-charges-after-incident-in-rangers-defeat-to-slavia-prague,0
https://www.skysports.com/football/news/11661/12559068/gary-neville-man-utd-response-at-man-city-was-embarrassing-they-threw-the-towel-in,0
https://www.skysports.com/football/news/11095/12400509/when-can-england-qualify-for-the-2022-world-cup-in-qatar,0
https://www.skysports.com/football/news/21564/12370963/subscribe-to-the-essential-football-podcast,0
https://www.skysports.com/football/news/11668/12556275/roman-abramovichs-decision-to-sell-chelsea-hasnt-sunk-in-yet-and-will-be-a-massive-change-says-thomas-tuchel,0
https://www.skysports.com/football/news/11095/12524235/joao-moutinho-and-hakim-ziyech-top-premier-league-power-rankings-chart?inApp=true,0
https://www.skysports.com/football/news/12028/12538859/hakim-ziyech-alisson-and-kieran-trippier-top-premier-league-power-rankings-chart?inApp=true,0
https://www.skysports.com/football/news/11095/12466865/world-cup-2022-who-has-qualified-for-qatar-brazil-germany-and-denmark-qualify-first,0
https://www.skysports.com/football/news/11095/12509419/bukayo-saka-arsenal-star-tops-premier-league-power-rankings-form-chart?inApp=true,0
https://www.skysports.com/football/news/11661/12554570/hakim-ziyech-alisson-sadio-mane-and-three-more-liverpool-stars-top-premier-league-power-rankings-chart,0
https://www.skysports.com/football/news/11661/12494688/conor-gallagher-mason-mount-david-de-gea-top-power-rankings-premier-league-form-chart,0
https://www.skysports.com/football/news/11095/12509419/bukayo-saka-arsenal-star-tops-premier-league-power-rankings-form-chart,0
https://www.skysports.com/football/news/11095/12524235/joao-moutinho-and-hakim-ziyech-top-premier-league-power-rankings-chart,0
https://www.skysports.com/football/news/12028/12538859/hakim-ziyech-alisson-and-kieran-trippier-top-premier-league-power-rankings-chart,0
https://www.skysports.com/football/news/11788/12275392/ondrej-kudela-slavia-prague-defender-banned-for-10-matches-for-racist-behaviour-towards-glen-kamara,0
https://www.skysports.com/football/news/11095/12518190/jack-harrison-leeds-star-tops-premier-league-power-rankings-form-chart,0
https://www.skysports.com/football/news/11095/12500527/gabriel-martinelli-joao-cancelo-riyad-mahrez-top-power-rankings-premier-league-form-chart,0
https://www.skysports.com/football/news/11095/12505046/bukayo-saka-topples-arsenal-team-mate-gabriel-martinelli-in-premier-league-form-chart,0
https://www.skysports.com/football/news/11095/12559364/manchester-city-4-1-man-utd-player-ratings-as-kevin-de-bruyne-produces-another-masterclass-but-aaron-wan-bissaka-struggles,0
https://www.skysports.com/football/news/11095/12476199/mohamed-salah-pipped-by-full-backs-reece-james-and-trent-alexander-arnold-in-power-rankings-form-chart,0
https://www.skysports.com/football/news/11096/12438230/liverpool-vs-man-utd-barcelona-vs-real-madrid-inter-milan-vs-juventus-among-headline-games-on-sunday,0
https://www.skysports.com/football/news/11095/12482068/trent-alexander-arnold-pips-reece-james-and-diogo-jota-in-power-rankings-premier-league-form-chart,0
https://www.skysports.com/football/news/32461/12553728/roman-abramovich-chelsea-trustees-have-not-yet-agreed-to-run-club,0
https://www.skysports.com/football/news/11661/12457679/liverpool-winger-mohamed-salah-tops-premier-league-form-chart-again,0
https://www.skysports.com/football/news/11675/12560352/harry-kane-now-above-thierry-henry-on-premier-league-top-scorers-list-teddy-sheringham-calls-him-best-no-9-in-world,0
https://www.skysports.com/football/news/11661/12463862/mohamed-salah-pipped-by-reece-james-and-emile-smith-rowe-in-power-rankings-form-chart,0
https://www.skysports.com/football/story-telling/11095/12551318/essential-reading-carabao-cup-final,0
https://www.skysports.com/football/news/11668/12551696/thomas-tuchel-says-he-understands-criticism-of-chelsea-after-russian-invasion-of-ukraine,0
https://www.skysports.com/football/news/11661/12444063/liverpool-winger-mohamed-salah-tops-premier-league-form-chart-by-huge-margin,0
https://www.skysports.com/football/news/11668/12552691/roman-abramovich-hands-chelsea-stewardship-to-clubs-charity-trust-following-russia-invasion-of-ukraine,0
https://www.skysports.com/football/news/11661/12359643/premier-league-top-scorers-2021-22,0
https://www.skysports.com/football/news/19024/9994064/how-are-the-sky-sports-power-rankings-calculated,0
https://www.skysports.com/football/news/11661/12458754/man-utd-vs-man-city-ole-gunnar-solskjaers-side-host-reigning-champions-at-old-trafford-live-on-sky-sports-this-saturday,0
https://www.skysports.com/football/news/11668/12550612/roman-abramovich-chelsea-owners-assets-should-be-seized-labour-mp-tells-government,0
https://www.skysports.com/football/news/30964/12552691/roman-abramovich-hands-chelsea-stewardship-to-clubs-charity-trust-following-russia-invasion-of-ukraine,0
https://www.skysports.com/football/news/11095/12558287/premier-league-hits-and-misses-spineless-everton-need-dele-alli-spark-as-matt-dohertys-turnaround-in-form-continues,0
https://www.skysports.com/football/news/33694/12553466/chelsea-0-0-liverpool-carabao-cup-final-player-ratings-as-edouard-mendy-shines-and-kepa-arrizabalaga-blows-it,0
https://www.skysports.com/football/news/11095/12261417/thierry-henry-former-arsenal-striker-has-had-enough-of-discussing-racism-after-coming-off-social-media,0
https://www.skysports.com/football/news/11095/12553681/kepa-arrizabalaga-sub-jamie-redknapp-criticises-ridiculous-decision-to-take-off-edouard-mendy-in-carabao-cup-final,0
https://www.skysports.com/football/news/11095/12379128/chelsea-1-1-villarreal-6-5-on-penalties-kepa-arrizabalaga-is-super-cup-hero-as-thomas-tuchels-side-win-on-penalties,0
https://www.skysports.com/football/news/11748/12217479/brentford-players-to-stop-taking-a-knee-before-matches,0
https://www.skysports.com/football/news/11938/11644796/chelsea-0-0-manchester-city-aet-3-4-on-pens-pep-guardiolas-side-retain-carabao-cup,0
https://www.skysports.com/football/news/11670/12260806/arsenal-launch-anti-online-hate-campaign-as-part-of-collective-effort-within-football-aimed-at-combatting-discrimination,0
https://www.skysports.com/football/news/11095/12324057/kick-it-outs-troy-townsend-says-some-england-fans-not-interested-in-what-players-want-following-boos-over-taking-a-knee,0
https://www.skysports.com/football/news/11668/12553239/jamie-carragher-criticises-chelsea-and-roman-abramovich-statement-really-poor-and-embarrassing,0
https://www.skysports.com/football/news/11095/12553728/roman-abramovich-chelsea-trustees-have-not-yet-agreed-to-run-club,0
https://www.skysports.com/football/news/11095/12211275/antonio-rudiger-chelsea-defender-reveals-he-suffered-racist-abuse-on-social-media-after-frank-lampard-sacking,0
https://www.skysports.com/football/news/11661/12069209/premier-league-bosses-applaud-no-room-for-racism-message,0
https://www.skysports.com/football/news/11095/12078877/premier-league-and-efl-reiterate-support-for-players-who-take-a-knee,0
https://www.skysports.com/football/news/11095/11987323/ian-wright-racist-abuse-teenager-investigated-after-handing-himself-in-to-police,0
https://www.skysports.com/football/news/11095/12199479/chelsea-to-mark-holocaust-memorial-day-with-tribute-before-wolves-match,0
https://www.skysports.com/football/news/11715/12284533/patrick-bamford-leeds-united-striker-should-be-applauded-for-highlighting-inaction-on-racism-says-marcelo-bielsa,0
https://www.skysports.com/football/news/11670/12515419/arsenal-must-move-on-liability-granit-xhaka-to-continue-progress-under-mikel-arteta-says-jamie-carragher,0
https://www.skysports.com/football/news/11668/11941848/antonio-rudiger-chelsea-defender-will-continue-to-speak-out-about-racism,0
https://www.skysports.com/football/news/11661/12070564/premier-league-players-continue-to-take-a-knee-on-2020-21-opening-weekend,0
https://www.skysports.com/football/news/11715/11949521/kiko-casilla-suspension-sends-strong-message-says-fas-paul-elliott,0
https://www.skysports.com/football/news/11095/11986576/marvin-sordell-says-bame-coaches-need-more-interview-opportunities,0
https://www.skysports.com/football/news/29327/12515411/mohamed-salah-jamie-carragher-says-liverpool-owners-would-never-be-forgiven-if-club-legend-left,0
https://www.skysports.com/football/news/11667/12318937/marcus-rashford-racist-abuse-of-man-utd-forward-shows-social-media-companies-rules-are-inadequate-says-iffy-onuora,0
https://www.skysports.com/football/news/11095/12503450/jamie-carragher-and-the-art-of-punditry-off-script,0
https://www.skysports.com/football/news/29327/12546737/jamie-carragher-premier-league-title-race-is-back-on-antonio-conte-can-turn-tottenham-into-major-force,0
https://www.skysports.com/football/news/29327/12507817/manchester-city-have-unassailable-lead-in-premier-league-title-race-says-jamie-carragher,0
https://www.skysports.com/football/news/11661/12560358/tottenham-5-0-everton-jamie-carragher-says-frank-lampards-side-are-so-weak-they-could-be-relegated,0
https://www.skysports.com/football/news/11669/12554024/luis-diaz-jamie-carragher-questions-whether-liverpool-would-have-signed-winger-without-tottenham-interest,0
https://www.skysports.com/football/news/12040/12440397/jamie-carragher-i-can-see-under-pressure-man-utd-beating-liverpool-on-super-sunday,0
https://www.skysports.com/football/news/11095/12444163/liverpool-did-not-need-to-be-anywhere-near-best-to-thrash-manchester-united-says-jamie-carragher,0
https://www.skysports.com/football/news/11095/12482141/ralf-rangnick-to-man-utd-jamie-carragher-explains-main-task-for-interim-old-trafford-chief,0
https://www.skysports.com/football/news/29327/12463838/jamie-carragher-steven-gerrard-will-want-second-rangers-title-but-aston-villa-would-be-great-move,0
https://www.skysports.com/football/news/29327/12504752/antonio-conte-has-transformed-tottenham-who-now-have-a-top-manager-to-compete-with-the-best-says-jamie-carragher,0
https://www.skysports.com/football/news/29327/12485615/steven-gerrard-exclusive-aston-villa-boss-on-brendan-rodgers-influence-and-taking-club-to-the-next-level,0
https://www.skysports.com/football/news/15205/12514370/paul-merson-says-heung-min-sons-absence-from-north-london-derby-a-big-blow-for-tottenham,0
https://www.skysports.com/football/news/29327/12457299/jamie-carragher-how-manchester-united-high-press-produced-outstanding-response-at-tottenham,0
https://www.skysports.com/football/news/11661/12443791/ole-gunnar-solskjaer-debate-jamie-carragher-says-man-utd-need-a-better-manager,0
https://www.skysports.com/football/news/11661/12438079/man-utd-vs-liverpool-gary-neville-and-jamie-carragher-debate-inclusion-of-cristiano-ronaldo-in-best-combined-xi,0
https://www.skysports.com/football/news/15205/12531110/paul-merson-says-frank-lampard-is-a-good-fit-for-everton-and-dele-alli-can-win-an-england-recall,0
https://www.skysports.com/football/news/15205/12542642/paul-merson-man-utd-should-not-go-for-mauricio-pochettino-brendan-rodgers-would-be-a-better-appointment,0
https://www.skysports.com/football/news/11661/12457293/nuno-espirito-santo-was-never-the-right-appointment-for-tottenham-says-jamie-carragher,0
https://www.skysports.com/football/news/11667/12437701/ole-gunnar-solskjaer-has-taken-manchester-united-as-far-as-he-can-they-now-need-a-better-manager-says-jamie-carragher,0
https://www.skysports.com/football/news/15205/12558116/man-utd-should-drop-cristiano-ronaldo-and-harry-maguire-for-derby-says-paul-merson,0
https://www.skysports.com/football/news/15205/12526542/jack-grealish-cream-rises-to-the-top-so-will-man-citys-100m-man-says-paul-merson,0
https://www.skysports.com/football/news/15205/12532090/newcastles-93m-spending-spree-doesnt-guarantee-premier-league-survival-says-paul-merson,0
https://www.skysports.com/football/news/15205/12458496/cristiano-ronaldo-phenomenal-in-saving-man-utd-again-but-result-papers-over-the-cracks-says-paul-merson,0
https://www.skysports.com/football/news/15205/12495080/paul-merson-says-pierre-emerick-aubameyang-gives-arsenal-major-problem-they-need-a-new-captain,0
https://www.skysports.com/football/news/11678/12514102/chris-wood-is-exactly-what-newcastle-need-to-survive-says-paul-merson,0
https://www.skysports.com/football/news/12037/12518972/premier-league-postponement-requests-accepted-too-easily-says-paul-merson,0
https://www.skysports.com/football/news/15205/12480825/ralf-rangnick-to-manchester-united-paul-merson-unconvinced-german-coach-has-experience-required-for-old-trafford-success,0
https://www.skysports.com/football/news/15205/12508816/lazy-manchester-united-need-to-act-and-fast-paul-merson,0
https://www.skysports.com/football/news/11095/12500807/marcelo-bielsas-reluctance-to-adapt-reminiscent-of-arsene-wengers-latter-years-at-arsenal-says-paul-merson,0
https://www.skysports.com/football/news/15205/12475619/paul-merson-cristiano-ronaldo-signing-messed-up-ole-gunnar-solskjaers-manchester-united-plan,0
https://www.skysports.com/football/news/15205/12509078/paul-merson-says-no-victory-for-thomas-tuchel-in-chelseas-romelu-lukaku-saga,0
https://www.skysports.com/football/news/15205/12464493/steven-gerrard-or-frank-lampard-ideal-for-aston-villa-job-says-paul-merson,0
https://www.skysports.com/football/news/15205/12457805/antonio-conte-could-help-dele-alli-regain-form-at-tottenham-but-harry-kane-still-an-issue-says-paul-merson,0
https://www.skysports.com/football/story-telling/15205/12499030/paul-merson-my-message-to-gambling-addicts,0
https://www.skysports.com/football/news/11095/12560694/international-womens-day-west-ham-goalkeeper-mackenzie-arnold-talks-female-role-models-sam-kerr-and-chelsea-test,0
https://www.skysports.com/football/news/21564/12396572/barclays-fa-womens-super-league-how-to-follow-on-sky-sports,0
https://www.skysports.com/football/news/11095/12559990/international-womens-day-how-trailblazer-emma-hayes-has-revolutionised-chelsea-from-mid-table-to-serial-winners,0
https://www.skysports.com/football/news/topic/8246/exclusives-and-features,0
https://www.skysports.com/football/news/29326/12560525/neville-mbappe-heir-apparent-to-ronaldo-messi,0
https://www.skysports.com/football/news/topic/8218/reports-and-highlights,0
https://www.skysports.com/football/news/topic/9767/man-utd-vs-liverpool-21-22,0
https://www.skysports.com/football/news/11677/12561606/philippe-coutinho-aston-villa-boss-steven-gerrard-says-no-decision-made-on-future-of-on-loan-barcelona-playmaker,0
https://www.skysports.com/football/story-telling/11095/12560647/is-roy-keane-right-to-say-man-utd-need-clear-out,0
